id,make,model,colour,vin,year,vrm,category,numberSeats,dayRate,status,fuelEconomy,branch
2,Lincoln,Navigator,Fuscia,WAUGGBFC6CN829005,2002,ID79CGU,Budget,5,20,AVAILABLE,24.8,Manchester
3,Nissan,Rogue,Blue,JN1CV6AP9CM644206,2009,PH12SKL,Budget,5,20,SERVICEREQ,13.0,Luton
4,Saturn,S-Series,Maroon,1D7CW2GK7AS672499,2000,TD97LNQ,Budget,5,20,SERVICEREQ,20.3,Manchester
5,Volvo,V40,Aquamarine,JTHBL1EF2D5952377,2002,BL49QBI,Truck,2,90,DAMAGED,13.9,Bristol
6,Porsche,944,Aquamarine,WBAPH5C54BA706491,1990,HD31GDR,Truck,2,90,DAMAGED,8.1,Manchester
7,Bentley,Continental GT,Crimson,WAUEFAFL5AN061020,2006,DO62LEG,Budget,5,20,AVAILABLE,21.8,Bristol
8,Infiniti,G37,Purple,WAUD2AFD8EN840742,2010,RM38TUU,SUV,6,80,SERVICEREQ,22.3,Luton
9,Peugeot,207,Indigo,1C4PJLABXFW412686,2006,HD88KTM,Compact,4,40,RENTED,3.1,Luton
10,Isuzu,Rodeo,Crimson,1G6DJ1E31D0098939,1999,QX13FVU,Sport,2,60,DAMAGED,15.1,Luton
11,Toyota,Tercel,Turquoise,YV1960BW5A1417675,1997,OG76BVU,Budget,5,20,DAMAGED,20.7,Bristol
12,Porsche,911,Purple,2HNYD18843H934891,2004,VE55BYR,Family,8,45,DAMAGED,19.1,Bristol
13,Saab,900,Teal,WAUHFBFL2AN979228,1989,GC48MHD,Compact,4,40,SERVICEREQ,13.7,Manchester
14,Porsche,Boxster,Pink,WAUHE98PX9A287796,2010,YS62YNO,Compact,4,40,AVAILABLE,17.8,Luton
15,Fiat,Nuova 500,Mauv,3VWML7AJXCM829505,2012,PC92CXA,Family,8,45,DAMAGED,10.7,Manchester
16,Cadillac,Escalade,Turquoise,5N1AR2MM5DC957744,2012,AQ02ZZE,Family,8,45,SERVICEREQ,28.0,Manchester
17,Toyota,Highlander,Blue,1D7RE3GK9BS434674,2012,FA29VYY,Van,3,50,DAMAGED,28.6,Manchester
18,GMC,Suburban 1500,Aquamarine,WAUKH74F08N379442,1998,ER17EHX,Compact,4,40,SERVICEREQ,12.4,Manchester
19,Mercedes-Benz,C-Class,Indigo,WAUVC58E22A036096,1997,JM00IOR,Van,3,50,AVAILABLE,5.7,Manchester
20,Audi,A4,Teal,1GD21ZCG6BZ395895,1996,VH45CCH,Family,8,45,AVAILABLE,27.9,Bristol
21,Chrysler,Cirrus,Purple,5FRYD4H66EB067250,1995,AT61DNU,Family,8,45,SERVICEREQ,8.0,Manchester
22,Subaru,SVX,Aquamarine,JH4CU2F84DC451588,1992,KW63YEA,Sport,2,60,DAMAGED,7.7,Bristol
23,Volvo,C70,Mauv,WBABN33492P247809,2010,LV76HZH,SUV,6,80,SERVICEREQ,13.8,Bristol
24,BMW,645,Crimson,19XFB2F52DE196765,2004,ZF13OJJ,Van,3,50,AVAILABLE,21.7,Manchester
25,Suzuki,Swift,Green,JN8AZ2NC4F9025100,1998,RW70PKO,Van,3,50,DAMAGED,21.2,Manchester
26,Chevrolet,Silverado 1500,Violet,1N6AA0CA3EN226854,2005,ME53MEL,Family,8,45,DAMAGED,3.6,Bristol
27,Infiniti,QX,Aquamarine,2HNYD182X5H971930,2010,JJ78IAJ,Compact,4,40,RENTED,17.5,Manchester
28,Saturn,Sky,Red,YV1902FH4B2341600,2008,VL23LZC,Truck,2,90,DAMAGED,17.6,Bristol
29,Ford,Freestar,Green,KMHTC6ADXCU730659,2007,RY27QGU,Truck,2,90,DAMAGED,10.0,Bristol
30,Nissan,Murano,Maroon,KNADH4A35A6686106,2011,QI87VVK,SUV,6,80,RENTED,15.0,Manchester
31,Toyota,Previa,Puce,WBA3B5C54EF245817,1991,IC17NAZ,Van,3,50,AVAILABLE,11.8,Bristol
32,Mitsubishi,i-MiEV,Turquoise,1G6DS8E35C0208282,2012,GX79XHX,Family,8,45,RENTED,29.1,Manchester
33,Isuzu,i-Series,Mauv,WBAPL5C54BA743488,2008,GW37RUT,Van,3,50,SERVICEREQ,6.1,Luton
34,Dodge,Dakota Club,Pink,KMHTC6AD2CU994152,1992,QH28NLX,Van,3,50,DAMAGED,26.9,Manchester
35,Kia,Spectra,Teal,WAUVC68E15A159589,2008,SZ98GAP,Compact,4,40,RENTED,9.3,Luton
36,Porsche,944,Crimson,JH4DB85941S830227,1983,UB95UZO,Coupe,4,55,DAMAGED,22.3,Luton
37,Bentley,Continental,Aquamarine,WDCGG5GB5CF880364,2007,LJ28LCJ,Truck,2,90,RENTED,22.7,Luton
38,Ford,Taurus,Mauv,2G4WD582661392203,2010,NF71BNM,Van,3,50,DAMAGED,14.8,Luton
39,Land Rover,Discovery Series II,Khaki,1FTSW2B51AE435350,1999,RI12IWI,SUV,6,80,SERVICEREQ,9.0,Luton
40,Honda,Ridgeline,Goldenrod,WUARL48H78K308446,2008,MM59VZM,Compact,4,40,SERVICEREQ,13.0,Manchester
41,Chevrolet,G-Series G10,Yellow,2C4RDGAG8CR324050,1993,HL13ZVG,Van,3,50,RENTED,15.1,Bristol
42,Kia,Rio,Fuscia,WBA3A5C5XCF954977,2006,YW75IEX,Family,8,45,RENTED,10.3,Bristol
43,Chevrolet,3500,Purple,5BZBF0AA0FN706590,1994,SI42QPJ,Sport,2,60,RENTED,11.7,Luton
44,Ford,E-Series,Maroon,1VWAP7A31EC507106,2004,WR60JTM,Van,3,50,SERVICEREQ,20.4,Manchester
45,Ford,F-Series Super Duty,Yellow,WAULL44E55N696282,2008,HI18PIB,SUV,6,80,DAMAGED,27.4,Luton
46,BMW,X6 M,Teal,WAUEH78E56A352451,2013,SF01KQE,Sport,2,60,RENTED,4.3,Luton
47,Aston Martin,V8 Vantage,Fuscia,JTDZN3EUXFJ017848,2011,RW11GTO,Coupe,4,55,SERVICEREQ,20.3,Luton
48,Chevrolet,HHR,Yellow,JN1AZ4FH4FM639338,2007,GB19CHD,Family,8,45,AVAILABLE,9.6,Luton
49,Audi,S4,Pink,5TFBY5F18CX909601,2002,QF19MBK,Sport,2,60,SERVICEREQ,27.9,Bristol
50,Mercedes-Benz,300D,Khaki,3VWML7AJ6DM981833,1993,CH98LFA,Compact,4,40,RENTED,10.9,Bristol
51,Studebaker,Avanti,Maroon,5N1AR1NB0BC701385,1964,FS41XIO,Van,3,50,RENTED,26.6,Manchester
52,Land Rover,Discovery,Maroon,WAUEF48H97K927323,1995,HG22OKK,Family,8,45,DAMAGED,13.1,Bristol
53,Suzuki,Daewoo Magnus,Crimson,WBAGL83515D841253,2006,WH51RRA,SUV,6,80,DAMAGED,16.3,Luton
54,GMC,3500 Club Coupe,Aquamarine,WBA3B5C57FF222968,1995,FC04ZKN,Coupe,4,55,SERVICEREQ,25.8,Manchester
55,Dodge,Avenger,Crimson,5NPEB4AC1CH138010,2012,KF51WVI,Truck,2,90,SERVICEREQ,16.9,Manchester
56,Cadillac,DeVille,Turquoise,SCFAB01A37G740327,1998,PB41VIG,Truck,2,90,SERVICEREQ,22.2,Bristol
57,Chevrolet,Astro,Red,JN1AZ4EH5CM071789,2000,RF13RFF,Budget,5,20,DAMAGED,23.2,Bristol
58,Dodge,Durango,Turquoise,WAUAF78E07A077075,2011,HP31WVV,Compact,4,40,RENTED,23.9,Bristol
59,Mercedes-Benz,Sprinter 2500,Violet,1HGCP2F38CA224848,2011,HS64VXB,Truck,2,90,SERVICEREQ,10.9,Bristol
60,Saturn,Ion,Maroon,1G4PS5SK7C4238084,2007,PA24QMX,Truck,2,90,DAMAGED,9.5,Manchester
61,GMC,Yukon,Fuscia,5N1AR2MM0EC165941,2000,QG81KPV,Coupe,4,55,SERVICEREQ,10.9,Luton
62,Porsche,Panamera,Fuscia,1GYFK36239R903390,2011,LD23EEU,Coupe,4,55,DAMAGED,10.7,Manchester
63,Honda,Prelude,Violet,WAULC68E15A398891,1992,EL60SRF,Coupe,4,55,RENTED,26.9,Luton
64,Toyota,Celica,Turquoise,WAUAVAFD0BN487662,2000,JF10KPZ,Budget,5,20,SERVICEREQ,24.4,Luton
65,Land Rover,Range Rover,Turquoise,5N1AA0NE2FN396459,2010,NZ10LWQ,Family,8,45,SERVICEREQ,3.3,Luton
66,Ford,F-Series,Red,JTDZN3EU7FJ180442,1985,TY85JFB,Budget,5,20,SERVICEREQ,7.7,Manchester
67,Subaru,Justy,Purple,JN8AZ1MU3CW071907,1994,BI38EDA,Truck,2,90,RENTED,7.7,Manchester
68,Audi,S4,Blue,WAUKG78E36A225493,2011,TX49BVG,Budget,5,20,SERVICEREQ,11.4,Bristol
69,Pontiac,Fiero,Red,5N1AZ2MG4FN623688,1984,XD68URU,Van,3,50,AVAILABLE,10.5,Manchester
70,Volvo,S40,Indigo,JM1NC2PF7F0389179,2006,CP02RPH,Van,3,50,DAMAGED,25.0,Luton
71,Volkswagen,GTI,Fuscia,WAULF78K49A609672,2004,RQ68RVB,Budget,5,20,AVAILABLE,3.2,Luton
72,Hyundai,Sonata,Goldenrod,1GD01ZCG9CF756465,2010,VY18CEF,Sport,2,60,RENTED,22.9,Manchester
73,Mercedes-Benz,SLK-Class,Puce,1G6DJ8EG7A0158276,2010,TH86VNU,SUV,6,80,SERVICEREQ,8.6,Manchester
74,Chevrolet,Corvette,Yellow,1FMCU0C74CK897190,2002,QQ21KNM,Budget,5,20,DAMAGED,9.6,Bristol
75,Mercury,Cougar,Puce,KNAFU6A29D5311806,1999,ZR78DGM,Budget,5,20,DAMAGED,28.3,Bristol
76,Toyota,Supra,Purple,WAUHF78P06A526110,1998,XH45ANV,Van,3,50,SERVICEREQ,13.5,Bristol
77,Morgan,Aero 8,Orange,1B3CB8HB2BD074223,2008,SM26LFK,Van,3,50,AVAILABLE,17.6,Luton
78,Honda,Accord,Mauv,SAJWA4EC5EM570353,2007,YA26WXI,Coupe,4,55,AVAILABLE,11.4,Manchester
79,Honda,Civic,Purple,1N6AD0CU3EN682371,2002,DD99JDF,Truck,2,90,RENTED,27.3,Luton
80,Audi,80,Goldenrod,WBA3B9C53FF986792,1991,PF58ASZ,SUV,6,80,SERVICEREQ,12.2,Bristol
81,Volkswagen,Passat,Blue,WBAYA8C55DC181765,1993,UG80WOF,Sport,2,60,DAMAGED,4.4,Bristol
82,Suzuki,Esteem,Green,3D73M4HL0BG248826,1996,JB68CKO,Budget,5,20,RENTED,11.1,Bristol
83,Lincoln,Town Car,Pink,WAUSH94FX8N204398,1996,OI17XPW,Budget,5,20,DAMAGED,28.8,Manchester
84,Nissan,300ZX,Blue,4A31K5DF5CE187962,1994,CR92EYJ,Sport,2,60,DAMAGED,9.4,Luton
85,Dodge,Neon,Crimson,WBAPM7C58AE910211,1999,RZ16PJP,SUV,6,80,SERVICEREQ,16.3,Luton
86,Mitsubishi,Lancer Evolution,Blue,3N1BC1CP3CK948522,2006,FE44DAN,Family,8,45,SERVICEREQ,15.1,Luton
87,Dodge,Magnum,Pink,1GYS3DEF6DR102533,2006,NS67LGE,Budget,5,20,SERVICEREQ,11.8,Manchester
88,Honda,Odyssey,Teal,3VW1K7AJ3EM993445,1997,JM51RLX,Coupe,4,55,DAMAGED,6.3,Bristol
89,Chevrolet,Venture,Purple,1GD21ZCG4DZ652362,2005,UT05IRQ,Van,3,50,DAMAGED,12.8,Bristol
90,Lexus,IS,Yellow,4T1BF1FKXCU091938,2002,MT90GNH,Sport,2,60,RENTED,25.4,Luton
91,Subaru,XT,Blue,WBAPM77509N015012,1987,XP03LLM,Van,3,50,AVAILABLE,7.9,Manchester
92,Ferrari,599 GTB Fiorano,Blue,1G6ET12972B324913,2009,AW69DVJ,Sport,2,60,SERVICEREQ,15.4,Manchester
93,Ford,Mustang,Violet,WAUDH74F98N998436,1986,IA32BIH,Truck,2,90,DAMAGED,7.4,Manchester
94,Volkswagen,New Beetle,Khaki,1G6DS8ED8B0091627,2008,SX20QSA,Family,8,45,AVAILABLE,23.9,Bristol
95,Mazda,MX-3,Khaki,1G4HK5E96AU818260,1993,YI48DYF,Budget,5,20,SERVICEREQ,10.1,Bristol
96,Mitsubishi,RVR,Yellow,SCBGC3ZA2EC511852,1992,LA13VKI,Family,8,45,DAMAGED,26.2,Bristol
97,Dodge,Intrepid,Turquoise,WBAPH7C54AA916874,1993,CC84HZZ,Van,3,50,DAMAGED,15.8,Bristol
98,Volkswagen,Touareg,Red,WAUJT68E52A435122,2003,SN87GWL,SUV,6,80,RENTED,14.7,Bristol
99,Toyota,Venza,Crimson,5N1AA0NC8EN411818,2013,EN75FWA,Family,8,45,DAMAGED,24.6,Luton
100,Ford,Crown Victoria,Indigo,TRUTC28NX31759680,2005,EO20OFB,Truck,2,90,DAMAGED,15.8,Luton
101,Buick,Terraza,Crimson,1G4GB5GR3FF526165,2005,GT85NVA,Family,8,45,RENTED,6.3,Manchester
102,Cadillac,STS-V,Maroon,WBAEN33422P351359,2009,AG40WJD,Budget,5,20,SERVICEREQ,3.7,Luton
103,Dodge,Caravan,Fuscia,1D7CW3BK1AS836696,2003,IO13PRN,Sport,2,60,SERVICEREQ,17.0,Luton
104,Hyundai,Santa Fe,Orange,WBAFV3C59ED354701,2007,HK45EYU,SUV,6,80,SERVICEREQ,15.4,Manchester
105,Lexus,LS,Yellow,1FMJK2A56AE983624,1996,OW80PYH,Sport,2,60,RENTED,6.4,Luton
106,Ford,Festiva,Goldenrod,1FTFW1E88AK433601,1990,BJ48XZC,Van,3,50,SERVICEREQ,16.5,Luton
107,Chevrolet,S10,Crimson,WAUUL68E15A614145,1995,NS47NHO,Sport,2,60,RENTED,9.8,Manchester
108,Volkswagen,Corrado,Aquamarine,5TFAW5F17FX058929,1991,CY42GHO,Sport,2,60,RENTED,16.4,Manchester
109,Mitsubishi,GTO,Goldenrod,WBA3A5G56FN630641,1991,MY25OEU,Compact,4,40,AVAILABLE,29.4,Bristol
110,Ford,E150,Aquamarine,WBAUP9C55AV696896,1984,GO73LFV,Budget,5,20,DAMAGED,9.0,Luton
111,Volkswagen,New Beetle,Khaki,WAULD54B82N187193,2009,EH23KJV,Budget,5,20,SERVICEREQ,11.4,Bristol
112,Nissan,Sentra,Violet,WAUKH98E27A962565,1994,CM04MLZ,Van,3,50,AVAILABLE,27.4,Luton
113,Dodge,Caravan,Violet,WA1WMAFP6EA247110,2010,CR00KSA,Family,8,45,DAMAGED,5.1,Manchester
114,Volvo,S80,Goldenrod,SCBDR33W98C751572,2005,PM85QBI,Sport,2,60,DAMAGED,4.3,Manchester
115,Ford,Ranger,Goldenrod,2C4RDGBG0FR683279,1987,FK92RLU,Compact,4,40,SERVICEREQ,5.2,Manchester
116,Honda,Prelude,Puce,2T1BURHE1EC527530,1995,RH45ZRX,Family,8,45,RENTED,26.2,Manchester
117,Chrysler,Concorde,Pink,SALAG2D48AA483363,1997,MO88RHT,SUV,6,80,AVAILABLE,22.6,Luton
118,Ford,GT500,Turquoise,1D4PU5GK0BW293022,2007,UO67QPI,Van,3,50,RENTED,4.1,Manchester
119,Chevrolet,Malibu Maxx,Violet,WAUPFAFMXCA382546,2006,UV72WYD,Van,3,50,RENTED,27.8,Manchester
120,Mercury,Grand Marquis,Violet,1D7RB1CP6AS039400,1986,ZS36DME,SUV,6,80,AVAILABLE,8.5,Manchester
121,Ford,LTD Crown Victoria,Puce,NM0KS7DN3AT938363,1988,OP63MLS,Coupe,4,55,AVAILABLE,22.8,Luton
122,Subaru,Legacy,Fuscia,WAUR4AFD0DN206548,2002,HF87UKQ,Truck,2,90,RENTED,26.8,Luton
123,Audi,5000S,Goldenrod,1GYS4KEF2ER938908,1986,ND20HNK,Van,3,50,DAMAGED,6.8,Bristol
124,Toyota,RAV4,Purple,WAUAKAFB8AN313635,2007,LF76FUS,Van,3,50,DAMAGED,13.6,Bristol
125,Chrysler,Town & Country,Green,JTHBK1GGXF2465151,1996,BX59CKQ,Truck,2,90,AVAILABLE,24.3,Bristol
126,Volkswagen,New Beetle,Blue,3MZBM1K71FM597532,2007,FB40LUZ,Family,8,45,DAMAGED,11.3,Luton
127,Scion,tC,Teal,5TDBW5G16DS551085,2009,MT18FSY,Coupe,4,55,SERVICEREQ,22.3,Luton
128,Chevrolet,Suburban 1500,Green,JA32X8HW7DU428334,2006,VT77BFE,Coupe,4,55,SERVICEREQ,22.5,Luton
129,Mitsubishi,Pajero,Indigo,WAULFAFH2BN082265,1985,VX51OPR,Truck,2,90,AVAILABLE,10.0,Bristol
130,Pontiac,Grand Prix,Blue,4T1BF1FK3EU239995,1966,OO20NQZ,Van,3,50,AVAILABLE,10.1,Bristol
131,Mazda,626,Crimson,1VWAS7A3XFC386012,1998,NT92IYB,Van,3,50,AVAILABLE,8.3,Bristol
132,Ferrari,599 GTB Fiorano,Blue,SCFBF03B68G982237,2007,LC93PCD,Coupe,4,55,AVAILABLE,23.7,Manchester
133,Volvo,S80,Pink,WDDNG7DB2DA665929,2006,EN09SAR,Compact,4,40,SERVICEREQ,3.9,Bristol
134,Subaru,Baja,Green,2T3BFREV0EW763882,2006,MK10INV,Van,3,50,SERVICEREQ,24.1,Luton
135,Ford,Expedition,Purple,JHMZF1C62FS037557,2002,IQ58FLS,Budget,5,20,SERVICEREQ,26.8,Luton
136,Lincoln,LS,Blue,5FRYD4H6XFB026573,2006,JZ39UQB,Sport,2,60,AVAILABLE,23.3,Luton
137,Porsche,968,Fuscia,JTMHY7AJ4B4796307,1992,GI53NQW,Van,3,50,SERVICEREQ,28.8,Manchester
138,Audi,A6,Indigo,KNAFT4A27B5507621,1997,BK23KZE,Truck,2,90,AVAILABLE,20.4,Luton
139,Lexus,LS,Teal,3C6TD5CT0CG116973,1989,HA10WBC,Family,8,45,RENTED,6.6,Bristol
140,Subaru,Legacy,Orange,3VW517AT6EM281551,1999,AH09NFS,Coupe,4,55,SERVICEREQ,16.1,Luton
141,Bentley,Azure,Indigo,1G4GJ5G38DF770194,2006,OZ33HCC,Family,8,45,AVAILABLE,18.8,Bristol
142,Ford,Taurus,Turquoise,4A31K5DF4BE464874,1993,HO93UYP,Compact,4,40,RENTED,4.7,Manchester
143,Toyota,MR2,Yellow,JN8AZ2NC4B9953757,2004,HM08WIY,Van,3,50,RENTED,27.6,Luton
144,Audi,RS 4,Turquoise,WAUSH74F57N810436,2007,FK07EDH,Van,3,50,SERVICEREQ,27.6,Manchester
145,Ford,Ranger,Khaki,1C4NJCBA8ED575599,2009,JA23IBX,Coupe,4,55,RENTED,9.9,Bristol
146,Lexus,HS,Purple,1G6DH8E52C0835263,2010,XN74XOI,Coupe,4,55,RENTED,10.3,Manchester
147,Lexus,RX,Green,WAUHF78P78A786670,1999,HE87PFG,Truck,2,90,RENTED,25.2,Manchester
148,Audi,A3,Pink,2T1BURHE8EC692703,2008,SJ84VUW,SUV,6,80,DAMAGED,12.0,Bristol
149,Toyota,Highlander,Violet,WVGEP9BP1FD738791,2012,SX51EEG,Budget,5,20,AVAILABLE,25.9,Bristol
150,Chevrolet,Camaro,Mauv,JN8AS5MT7FW930794,1992,WK53FVI,Truck,2,90,AVAILABLE,21.0,Manchester
151,Mercedes-Benz,GLK-Class,Mauv,3GYFNJE64BS299979,2011,MS25UDI,Sport,2,60,SERVICEREQ,13.1,Bristol
152,Honda,Odyssey,Fuscia,3D73M3HL4AG544960,1996,PD92XOB,Truck,2,90,AVAILABLE,19.4,Manchester
153,Acura,Legend,Mauv,WAULFAFH9DN347850,1987,ZK90YZB,Family,8,45,RENTED,26.8,Manchester
154,Alfa Romeo,Spider,Yellow,5TDBY5G11ES565780,1993,FX52FUI,Van,3,50,DAMAGED,12.9,Luton
155,Suzuki,Esteem,Orange,WAUKG68E75A320874,2001,WV11WIO,SUV,6,80,RENTED,20.2,Manchester
156,Buick,Enclave,Violet,TRUSX28N521320451,2008,AI53OMP,Compact,4,40,DAMAGED,25.0,Manchester
157,Volkswagen,New Beetle,Orange,4JGDA2EB3CA167385,2007,YC15WJQ,Sport,2,60,DAMAGED,19.0,Bristol
158,Mercedes-Benz,S-Class,Indigo,WAUMK98K59A021663,2006,RU40NDL,Compact,4,40,SERVICEREQ,20.8,Bristol
159,Eagle,Talon,Green,19UUA75578A855698,1992,IR38KKG,Sport,2,60,RENTED,3.4,Bristol
160,Chevrolet,Corsica,Turquoise,3MZBM1L73EM321785,1995,VS90HMK,Budget,5,20,RENTED,14.1,Manchester
161,Chevrolet,Express 1500,Violet,2G4WC582191885701,2007,AW21AGA,Family,8,45,SERVICEREQ,14.3,Manchester
162,Mercedes-Benz,G-Class,Pink,2B3CK4CV9AH366060,2011,NU59LJH,Compact,4,40,SERVICEREQ,5.6,Bristol
163,Lincoln,MKZ,Teal,5TDDK3DC0FS639647,2010,PN84VDV,Truck,2,90,AVAILABLE,23.9,Bristol
164,GMC,Sierra 1500,Aquamarine,WVGEG9BP9CD735486,2012,BQ77CRQ,Van,3,50,SERVICEREQ,17.9,Manchester
165,Chrysler,300,Goldenrod,1GYEE637X90974871,2009,AC84PEC,Family,8,45,RENTED,15.3,Manchester
166,Mitsubishi,Eclipse,Maroon,3D4PG9FV8AT500416,1991,JA33YNY,Budget,5,20,SERVICEREQ,27.0,Luton
167,Dodge,Spirit,Purple,WAUPFAFM3AA604793,1993,WH44CTS,Van,3,50,RENTED,26.7,Bristol
168,Buick,Rendezvous,Purple,3D7TT2CT5AG398234,2006,EG50YIP,Van,3,50,DAMAGED,11.3,Luton
169,Chevrolet,Camaro,Blue,JH4KB16598C866686,1999,NC22TOL,Truck,2,90,SERVICEREQ,7.9,Bristol
170,Nissan,Maxima,Crimson,KMHHU6KJ0FU270598,1993,HK23KSQ,Coupe,4,55,AVAILABLE,25.3,Manchester
171,Jaguar,XJ Series,Teal,2T1KE4EE1DC957108,2004,KC49MVR,Family,8,45,AVAILABLE,16.6,Luton
172,Dodge,Intrepid,Mauv,1FAHP2D86DG274610,1998,CK36OFM,Family,8,45,RENTED,12.6,Manchester
173,Scion,tC,Fuscia,WBAUN93588V830493,2007,TT72PTW,SUV,6,80,DAMAGED,15.5,Luton
174,BMW,X5,Teal,1FTEW1CW9AF862011,2000,EN71GUQ,SUV,6,80,RENTED,13.5,Bristol
175,Ford,F450,Pink,2T1KU4EE5BC747966,2012,KR74DNK,Sport,2,60,SERVICEREQ,20.4,Bristol
176,Ford,F-Series,Indigo,3D7JB1EK3AG508514,2001,RV08YZO,SUV,6,80,RENTED,8.2,Bristol
177,Mitsubishi,Pajero,Red,3GYT4MEF7BG464952,1997,KN28BEM,Truck,2,90,SERVICEREQ,5.3,Manchester
178,Suzuki,Esteem,Maroon,WAUDH78E38A168379,1997,BP27CEN,Budget,5,20,RENTED,29.0,Manchester
179,Subaru,Impreza,Maroon,JTHBE1KS6B0281334,1995,UD48NGM,Compact,4,40,AVAILABLE,27.8,Luton
180,Mitsubishi,Galant,Pink,1FTWW3B56AE508395,2001,BH65QVF,Budget,5,20,RENTED,10.1,Bristol
181,Merkur,XR4Ti,Goldenrod,4T1BK1EB1FU391966,1985,GP08RGR,SUV,6,80,SERVICEREQ,14.9,Luton
182,Saturn,S-Series,Purple,WBAKF5C56DJ529719,1998,CB65SDD,Budget,5,20,SERVICEREQ,19.0,Luton
183,Chevrolet,Silverado 2500,Green,5NPDH4AE5BH456061,2008,NB11XSU,Compact,4,40,DAMAGED,24.3,Luton
184,Oldsmobile,Achieva,Yellow,3VW517AT0EM594577,1998,IQ76XJP,Truck,2,90,RENTED,29.7,Bristol
185,Toyota,Camry Hybrid,Maroon,WBANU5C50AC449948,2007,JO12ECB,Budget,5,20,RENTED,8.8,Luton
186,Ford,Windstar,Yellow,WVWGU7AN4AE680849,2003,LH30VCC,Budget,5,20,SERVICEREQ,3.4,Luton
187,Honda,CR-V,Green,4T1BF1FK3CU276560,2008,OV28PBM,SUV,6,80,SERVICEREQ,22.2,Luton
188,Chevrolet,Silverado 1500,Green,WBAEK73484B177068,1999,LB54YBX,SUV,6,80,SERVICEREQ,17.9,Manchester
189,Buick,LeSabre,Crimson,1FTEX1C85AF700911,1999,IM39DPO,Compact,4,40,RENTED,4.7,Bristol
190,Infiniti,Q,Indigo,3GYFK66N04G472849,1997,QU25JFG,Coupe,4,55,RENTED,23.5,Luton
191,Dodge,Ram 1500,Aquamarine,2T1BU4EE6DC266529,2004,CK90MVK,Coupe,4,55,SERVICEREQ,25.2,Bristol
192,GMC,Vandura 2500,Violet,WAUEG74F26N502395,1993,ZK87TIL,Coupe,4,55,DAMAGED,21.9,Bristol
193,Volkswagen,Phaeton,Mauv,1FTEW1CM1CK375216,2006,JC98CKZ,Family,8,45,AVAILABLE,13.7,Luton
194,GMC,Jimmy,Red,1G6DL5ED5B0051940,1993,UA19DEK,Truck,2,90,SERVICEREQ,20.8,Bristol
195,Oldsmobile,Ciera,Indigo,WP0AA2A91AS911101,1993,AC08IYB,Van,3,50,DAMAGED,20.2,Luton
196,Plymouth,Neon,Purple,1G6KD57Y81U977647,2001,QI44SJD,Budget,5,20,RENTED,28.1,Luton
197,Infiniti,Q,Aquamarine,WAUKF78E56A850321,1994,VA96VDF,Sport,2,60,AVAILABLE,7.0,Luton
198,Mazda,Miata MX-5,Purple,JN1AV7AP7FM145406,1997,PS78MRW,Truck,2,90,RENTED,17.1,Luton
199,Toyota,4Runner,Red,SAJWA4DC1FM966623,1993,SB36KHF,Budget,5,20,RENTED,13.1,Manchester
200,Dodge,Caravan,Fuscia,1G4HP54K24U682414,1997,VZ66UZQ,SUV,6,80,AVAILABLE,28.8,Manchester
201,Pontiac,GTO,Green,1GT3C0BG4AF967739,1972,QA13DSJ,Van,3,50,DAMAGED,22.7,Bristol
202,Jeep,Liberty,Aquamarine,WAUUL78E48A513451,2012,RV90JGG,Budget,5,20,DAMAGED,14.4,Bristol
203,Mazda,B-Series,Indigo,WA1CKBFP4AA052597,2008,RH43MEM,Family,8,45,SERVICEREQ,4.2,Bristol
204,Lincoln,Continental,Fuscia,1G6DM57N140252921,2000,EW06VML,Sport,2,60,RENTED,5.9,Bristol
205,Mercedes-Benz,SL-Class,Purple,5FPYK1F47CB430621,2012,FQ95OGN,Truck,2,90,RENTED,14.9,Bristol
206,Lexus,RX,Red,4T3BA3BB1BU754349,1999,RE54ZDD,Van,3,50,DAMAGED,14.7,Luton
207,Buick,LeSabre,Puce,YV4852CZ1A1236207,1997,XS67OAF,SUV,6,80,DAMAGED,15.9,Bristol
208,Lexus,GX,Blue,WAUEH74F26N419949,2008,YL52HXC,SUV,6,80,AVAILABLE,28.5,Luton
209,Acura,NSX,Orange,W04G05GV2B1505722,2003,NP87UMV,Budget,5,20,AVAILABLE,11.5,Manchester
210,Mitsubishi,Montero,Red,KMHHT6KD4AU535139,1998,CH80QCH,Family,8,45,AVAILABLE,6.6,Manchester
211,Nissan,Murano,Maroon,KMHHT6KD7EU901486,2004,IP43HUY,Sport,2,60,AVAILABLE,9.7,Luton
212,Isuzu,Oasis,Crimson,3D7LT2ET1BG061736,1997,JE89KQM,SUV,6,80,SERVICEREQ,8.3,Bristol
213,Lotus,Exige,Aquamarine,1FMJK1F5XAE358937,2008,VE94LXC,Budget,5,20,SERVICEREQ,6.8,Manchester
214,Mercury,Mountaineer,Khaki,JM1NC2JF9F0475585,2003,AG37ADS,Truck,2,90,SERVICEREQ,22.5,Bristol
215,Jeep,Compass,Pink,5YMGY0C53BL388414,2009,QR81JMW,Coupe,4,55,AVAILABLE,26.3,Bristol
216,Cadillac,DTS,Khaki,JN8AZ2KRXAT104730,2011,QY42UBQ,Van,3,50,SERVICEREQ,15.4,Manchester
217,Mazda,B2600,Turquoise,WBAGH83491D004530,1987,ME23UDA,Budget,5,20,AVAILABLE,26.0,Bristol
218,Pontiac,Bonneville,Indigo,JH4KB16517C412513,2002,PK99AAS,Truck,2,90,SERVICEREQ,19.9,Bristol
219,Lotus,Esprit,Blue,WDDEJ7EB2DA332727,1998,TR43GOF,SUV,6,80,SERVICEREQ,13.1,Manchester
220,Subaru,Legacy,Maroon,WAUMFBFL1DN275234,2004,LU63WTY,Sport,2,60,SERVICEREQ,29.0,Luton
221,BMW,6 Series,Khaki,5FRYD3H40EB879491,2008,AZ83RSU,Compact,4,40,DAMAGED,15.0,Manchester
222,Chevrolet,Traverse,Khaki,1G6DV1EP2B0035529,2009,YW12DKF,SUV,6,80,DAMAGED,21.8,Manchester
223,Toyota,Prius,Teal,WAUJGBFC3DN493434,2010,HQ94UJB,Compact,4,40,SERVICEREQ,24.2,Manchester
224,Mercury,Cougar,Maroon,SALME1D47AA247834,1989,NB34LNE,Budget,5,20,AVAILABLE,15.4,Luton
225,Mitsubishi,Outlander,Turquoise,WBAEN33482P580225,2012,YN38RRI,Coupe,4,55,RENTED,27.3,Manchester
226,Mercedes-Benz,500SEL,Violet,JN8AE2KP0C9557121,1993,RD19FNP,Compact,4,40,SERVICEREQ,7.8,Manchester
227,Volkswagen,Passat,Crimson,WA1WKBFP2BA560372,1992,CM18SXJ,Family,8,45,AVAILABLE,18.1,Bristol
228,Volvo,V50,Orange,19XFB4F23FE424518,2008,TA27VDH,Van,3,50,AVAILABLE,9.2,Bristol
229,Ford,Econoline E250,Yellow,1FT7W2A69EE124576,1999,AU19PHI,Family,8,45,DAMAGED,15.2,Bristol
230,Chrysler,Aspen,Blue,3N1CN7AP1EL013565,2007,JO53PNY,Compact,4,40,SERVICEREQ,10.1,Bristol
231,Plymouth,Volare,Red,3FAHP0KC6AR691029,1976,NU22SDS,Compact,4,40,SERVICEREQ,16.6,Bristol
232,Cadillac,XLR-V,Red,5N1BA0ND7FN525484,2008,BA35VHX,Van,3,50,SERVICEREQ,8.1,Manchester
233,Dodge,Dakota,Mauv,1GYS4CEF8BR126787,2000,BY78DRD,Family,8,45,AVAILABLE,11.3,Bristol
234,Buick,Regal,Pink,1GYS3JEF4DR414820,1998,CH98SKB,Truck,2,90,DAMAGED,5.4,Bristol
235,Lamborghini,Revent√≥n,Crimson,1G6AC5S32E0775555,2008,QK24RJM,Family,8,45,RENTED,22.2,Bristol
236,Nissan,Armada,Blue,1FAHP2D8XFG944503,2006,MX48MHY,Sport,2,60,AVAILABLE,24.2,Luton
237,Lincoln,Town Car,Purple,2FMDK4AC7AB099193,1998,MS59MEE,Coupe,4,55,SERVICEREQ,23.2,Luton
238,Pontiac,GTO,Yellow,WAUKH68DX1A286363,1966,JX12ZRT,SUV,6,80,SERVICEREQ,13.7,Manchester
239,BMW,3 Series,Violet,2HKRM3H58FH042585,1994,VP63EUI,Compact,4,40,SERVICEREQ,27.4,Luton
240,Volkswagen,Type 2,Yellow,1FTWX3B55AE011125,1988,PH26HUZ,Van,3,50,SERVICEREQ,29.3,Luton
241,GMC,1500 Club Coupe,Indigo,VNKJTUD36FA189450,1998,ZF45XEP,Budget,5,20,DAMAGED,29.8,Bristol
242,Lamborghini,Diablo,Green,3N1BC1CPXCK172714,1993,II41YZH,Sport,2,60,AVAILABLE,15.1,Luton
243,GMC,Vandura G2500,Red,1GYS3GEF9DR364158,1995,NM81RET,Sport,2,60,RENTED,11.5,Luton
244,Chevrolet,Suburban 2500,Fuscia,WAUUL58E05A860226,2000,IJ75TFC,Truck,2,90,SERVICEREQ,11.5,Manchester
245,Volkswagen,Corrado,Purple,WBAKF3C5XCJ641295,1990,JC37TMI,Van,3,50,AVAILABLE,24.3,Luton
246,Volkswagen,Fox,Yellow,5GADV33W17D614323,1992,MQ08OCK,Coupe,4,55,SERVICEREQ,11.1,Manchester
247,GMC,Yukon,Fuscia,3C4PDDBG2ET061395,2002,CG27YGC,Van,3,50,AVAILABLE,27.8,Luton
248,Mitsubishi,Montero,Purple,WA1CFBFP4BA949568,1992,TR00VOB,Compact,4,40,RENTED,6.1,Luton
249,Chevrolet,Express 2500,Red,WAUDV74F59N843702,2008,GW80HAR,Family,8,45,SERVICEREQ,10.0,Bristol
250,Mitsubishi,Eclipse,Orange,WBAVB735X8P979719,1995,WJ36CTC,Sport,2,60,DAMAGED,15.5,Manchester
251,Mercury,Grand Marquis,Orange,WBA3B3C55FF226991,2006,HG93IPW,SUV,6,80,RENTED,18.1,Manchester
252,Cadillac,DeVille,Puce,3GYFNFE35ES683180,2001,SC12LJI,Budget,5,20,AVAILABLE,12.5,Luton
253,Chevrolet,Corvette,Violet,2G4WC562751991289,1978,OP29HJE,Family,8,45,DAMAGED,12.4,Bristol
254,Saab,9000,Aquamarine,1N6AA0CC3BN213809,1992,MT27ZSU,Van,3,50,AVAILABLE,29.9,Luton
255,Toyota,RAV4,Indigo,JN1AZ4EH9FM966920,1997,CD83YLZ,Truck,2,90,SERVICEREQ,29.6,Manchester
256,Oldsmobile,Cutlass,Puce,WP0CA2A8XES911166,1997,LH58XMX,Budget,5,20,RENTED,19.9,Bristol
257,Mazda,MX-6,Indigo,WBAPH5C54BF789648,1988,CY19AVA,SUV,6,80,AVAILABLE,5.0,Manchester
258,Volkswagen,Routan,Pink,JM1CR2W31A0533718,2010,HV45PWD,Family,8,45,SERVICEREQ,24.1,Luton
259,Infiniti,Q,Indigo,SCBZK22E42C327821,2005,KP42AST,Budget,5,20,DAMAGED,29.0,Bristol
260,GMC,Suburban 1500,Teal,5N1AR1NB4AC532129,1993,JR25EQV,SUV,6,80,DAMAGED,14.2,Manchester
261,Buick,Park Avenue,Maroon,WDDEJ7EB1EA436028,2002,JV02IUN,Van,3,50,AVAILABLE,11.7,Bristol
262,Mitsubishi,GTO,Green,4USBT33493L372238,1992,YS25YLS,SUV,6,80,AVAILABLE,10.2,Manchester
263,GMC,Safari,Pink,1VWAS7A34FC186145,1997,WY22BUW,Van,3,50,RENTED,12.8,Luton
264,Dodge,Dakota,Red,1G4GL5G3XDF812925,1992,TH01CVE,Family,8,45,SERVICEREQ,27.0,Manchester
265,Ford,LTD Crown Victoria,Purple,WAUPFAFM3AA970821,1990,WD29VNK,Sport,2,60,RENTED,6.6,Bristol
266,Ford,Fiesta,Yellow,KMHCT4AE3DU486626,2013,TO61LKJ,Budget,5,20,SERVICEREQ,15.4,Manchester
267,Maserati,GranTurismo,Red,5FNYF3H40EB957716,2010,MK36RIK,Budget,5,20,RENTED,27.0,Luton
268,Nissan,Titan,Aquamarine,1N6AF0KY3FN824394,2008,UI12EMV,Coupe,4,55,AVAILABLE,18.4,Manchester
269,Lotus,Evora,Yellow,2G61M5S33E9089253,2012,XX66SCU,Coupe,4,55,SERVICEREQ,28.0,Luton
270,Mitsubishi,Montero,Pink,1D7RB1CT2BS687041,1998,TP80ANK,SUV,6,80,RENTED,27.8,Bristol
271,Dodge,Avenger,Green,WBABD53445P728411,2000,GE38ZWJ,Compact,4,40,SERVICEREQ,16.5,Manchester
272,Audi,Coupe Quattro,Puce,1N6AA0ED1FN745524,1990,ZO40JIO,Van,3,50,RENTED,11.3,Luton
273,Mazda,B-Series,Indigo,1G4GD5GR7CF010428,2002,AA14BAI,Truck,2,90,DAMAGED,22.4,Luton
274,Hyundai,Genesis,Indigo,5N1AN0NW6EN179167,2012,WH46KGC,Truck,2,90,RENTED,14.0,Bristol
275,Toyota,Corolla,Maroon,3FADP4AJ3DM772562,1997,XO44BVP,Family,8,45,DAMAGED,21.7,Bristol
276,BMW,530,Violet,1C3BC7EG6BN728446,2003,RE77ETA,Coupe,4,55,DAMAGED,29.8,Manchester
277,Bentley,Azure,Green,JTDKN3DP9C3014923,2007,XF39DQM,Van,3,50,AVAILABLE,26.8,Bristol
278,Dodge,Caravan,Purple,WAULFAFH1DN650783,1998,YV99FRV,Compact,4,40,AVAILABLE,14.0,Bristol
279,Ford,GT,Crimson,WBALL5C54DE889920,2006,UJ81BXJ,Family,8,45,DAMAGED,8.8,Luton
280,Oldsmobile,98,Orange,1N6AA0EC1FN184877,1995,SO51HSC,Van,3,50,SERVICEREQ,17.7,Manchester
281,Mercedes-Benz,SLK-Class,Indigo,3VW467AT4DM906007,2002,JF99GJR,Family,8,45,RENTED,17.0,Manchester
282,Subaru,Forester,Khaki,WBAKG7C50DE042940,2002,NM06ZKJ,Compact,4,40,SERVICEREQ,11.7,Bristol
283,Subaru,XT,Maroon,4T1BF1FK6EU654812,1987,UY62FGU,Family,8,45,AVAILABLE,27.2,Manchester
284,Hyundai,Entourage,Teal,1N6AA0CA7CN541881,2008,WS32UYD,Sport,2,60,SERVICEREQ,22.1,Luton
285,Porsche,911,Pink,1G6AG5RX0F0871313,1997,NO17AKZ,Van,3,50,SERVICEREQ,21.6,Manchester
286,Dodge,Ram Wagon B350,Goldenrod,JH4CU4F66DC515527,1993,ZL19VSF,Van,3,50,DAMAGED,15.1,Manchester
287,Chrysler,New Yorker,Fuscia,JM1CW2BL8C0432337,1996,FX39ACL,SUV,6,80,DAMAGED,6.0,Luton
288,Nissan,Murano,Goldenrod,WBA3N3C58EK466596,2012,OB65YDF,Coupe,4,55,AVAILABLE,11.3,Manchester
289,Acura,TL,Fuscia,WBABN53492P363717,1999,HD66EOV,Sport,2,60,AVAILABLE,27.3,Luton
290,Lexus,SC,Aquamarine,WAUKD98P49A025975,1997,KV38IMH,Family,8,45,SERVICEREQ,11.4,Luton
291,Volkswagen,Fox,Red,WBSWL93598P848600,1992,OT77BPN,Family,8,45,RENTED,9.4,Manchester
292,Subaru,Alcyone SVX,Indigo,1FADP5AU9DL120448,1996,GE87FDV,Van,3,50,DAMAGED,8.8,Bristol
293,Volvo,850,Crimson,1FTMF1E86AF808773,1996,PZ44BKA,Truck,2,90,SERVICEREQ,15.7,Manchester
294,Acura,NSX,Mauv,WAULFAFHXDN769996,2001,GB09FKL,Truck,2,90,AVAILABLE,3.8,Luton
295,Ford,Thunderbird,Orange,1G4GL5E3XDF039165,2003,CL10PYE,Sport,2,60,SERVICEREQ,10.0,Manchester
296,Ford,F250,Purple,WAUDH74F47N661445,2004,QW01XAN,Coupe,4,55,RENTED,23.1,Manchester
297,Buick,Roadmaster,Goldenrod,2FMDK3GC9AB032581,1995,FA20VLA,Sport,2,60,SERVICEREQ,6.3,Luton
298,Ford,LTD Crown Victoria,Blue,KNAGM4A7XB5399959,1984,VB33EDM,Family,8,45,RENTED,7.8,Luton
299,Toyota,Prius Plug-in Hybrid,Khaki,WBABS53403J261039,2012,CV90BMT,Truck,2,90,DAMAGED,25.2,Luton
300,Lexus,IS,Mauv,YV140MEBXF1605031,2007,US64WIH,Van,3,50,SERVICEREQ,4.8,Bristol
301,Land Rover,LR2,Aquamarine,WAUHE78P39A756702,2009,GT24KKA,Budget,5,20,SERVICEREQ,27.5,Manchester
302,Audi,A8,Pink,WAUKG78E76A694795,2011,SR56IUG,Truck,2,90,RENTED,13.9,Luton
303,Acura,TL,Indigo,1G6DK1E35D0535872,2003,EK97ZHY,Family,8,45,DAMAGED,12.6,Bristol
304,Oldsmobile,Silhouette,Blue,5XYKT3A15CG068107,1996,SI65MCB,Budget,5,20,DAMAGED,7.7,Manchester
305,Oldsmobile,Silhouette,Red,JH4NA21663T909718,1995,RZ52VCG,Budget,5,20,SERVICEREQ,9.3,Luton
306,Toyota,4Runner,Orange,WAUGVAFR3BA415920,1993,PN79PCJ,Family,8,45,AVAILABLE,19.8,Bristol
307,Volkswagen,Jetta,Turquoise,W04GX5GV9B1901044,2012,WT23ERV,Van,3,50,RENTED,3.8,Manchester
308,Lexus,GX,Aquamarine,5N1AN0NW4DN421386,2004,FS44TXU,Van,3,50,RENTED,20.3,Luton
309,BMW,7 Series,Puce,SAJWA1EK1EM406779,2000,GU03POZ,Compact,4,40,RENTED,12.9,Manchester
310,Morgan,Aero 8,Indigo,5J6TF3H59FL334932,2007,MJ91HKA,SUV,6,80,RENTED,3.3,Luton
311,Mercedes-Benz,CL-Class,Teal,ZFBCFAAH8EZ151678,2010,OQ01ZRR,Van,3,50,RENTED,3.2,Bristol
312,Lotus,Esprit,Aquamarine,WDDEJ7KB9BA606619,1989,TA77ATI,Coupe,4,55,AVAILABLE,4.9,Bristol
313,Porsche,911,Goldenrod,WUARL48H05K709896,1998,WN57WVL,Truck,2,90,DAMAGED,9.9,Luton
314,Mercury,Mountaineer,Turquoise,1D7RV1CP1AS759310,2008,SX40BXF,SUV,6,80,SERVICEREQ,26.2,Manchester
315,Mercury,Tracer,Crimson,2T3BF4DV4AW978177,1992,KJ62IWJ,Sport,2,60,SERVICEREQ,22.6,Bristol
316,Volkswagen,Passat,Green,WBA3V7C53EJ753857,1997,AL24LKA,Budget,5,20,AVAILABLE,14.3,Luton
317,Mazda,MX-5,Turquoise,2C4RDGDG9CR112124,1998,ON47EVZ,Sport,2,60,RENTED,15.0,Bristol
318,Nissan,Frontier,Blue,JN8AS5MT6FW046961,2008,LB32TQQ,Compact,4,40,SERVICEREQ,19.3,Manchester
319,Pontiac,6000,Red,KL4CJHSB9FB821631,1984,JQ12JPG,Compact,4,40,AVAILABLE,16.2,Manchester
320,GMC,Sonoma Club Coupe,Violet,WA1KK78RX9A022295,1995,BV49EIX,Compact,4,40,SERVICEREQ,16.8,Bristol
321,Chevrolet,Silverado 3500,Blue,WBAVM1C53DV943495,2009,SU56DZF,Truck,2,90,AVAILABLE,15.7,Manchester
322,Aston Martin,DBS,Green,WA1LMBFE5DD862221,2008,HY87GOJ,Truck,2,90,DAMAGED,8.5,Luton
323,Honda,CR-X,Mauv,WBAFU9C55BC033584,1984,RK38CPS,SUV,6,80,SERVICEREQ,25.9,Manchester
324,Acura,TL,Turquoise,1B3CB3HAXAD575336,2008,GT10PFS,Coupe,4,55,DAMAGED,28.0,Luton
325,Dodge,Ram 3500 Club,Aquamarine,1C3CDFAA9ED079877,1995,XZ26VPC,Coupe,4,55,DAMAGED,13.4,Manchester
326,Buick,Lucerne,Mauv,1GYUKJEF0AR224746,2011,ZU68MIN,Coupe,4,55,SERVICEREQ,17.8,Luton
327,Audi,A6,Fuscia,1N6AA0EJ0FN314064,2000,KY16ESZ,Van,3,50,RENTED,9.4,Bristol
328,Honda,Accord,Fuscia,JN1CV6AP6CM583493,1991,TO96ZZX,Van,3,50,DAMAGED,7.5,Manchester
329,Bentley,Brooklands,Goldenrod,WAUDF78E18A048439,2010,WC12VDQ,Coupe,4,55,RENTED,11.6,Manchester
330,Dodge,Dynasty,Red,WAUHE78P39A206206,1992,AM85QIX,Coupe,4,55,DAMAGED,16.9,Bristol
331,Mitsubishi,Lancer,Pink,1N6AF0KY3FN149646,2002,WV09NQJ,Van,3,50,AVAILABLE,18.9,Bristol
332,Audi,A6,Mauv,WAUDG74F46N805058,2004,UP58AYL,Truck,2,90,SERVICEREQ,11.4,Bristol
333,Chevrolet,Corvette,Yellow,4T3BA3BB3CU316496,2001,PJ16ZBE,SUV,6,80,RENTED,15.1,Luton
334,Cadillac,Escalade,Orange,2C3CDXCT5FH868360,1999,TC55VSZ,SUV,6,80,AVAILABLE,19.4,Manchester
335,Mazda,Miata MX-5,Mauv,1FTWF3A51AE614156,2009,ZV99ZLH,Compact,4,40,DAMAGED,24.6,Luton
336,Buick,LaCrosse,Green,WVGAV7AXXAW287030,2010,MA19NOP,Truck,2,90,RENTED,6.2,Luton
337,Ford,Econoline E250,Turquoise,1FMJU2A57AE840756,1999,NX09MAI,Truck,2,90,DAMAGED,7.8,Manchester
338,Toyota,Prius,Khaki,WP0AA2A85CS802912,2001,YW54CAO,Sport,2,60,DAMAGED,25.9,Luton
339,Audi,TT,Teal,WUADUAFG8CN908299,2011,XO76MEG,Sport,2,60,DAMAGED,17.1,Bristol
340,Subaru,Baja,Purple,2G61S5S39E9186964,2003,VQ94ZLC,Truck,2,90,AVAILABLE,3.3,Luton
341,Chevrolet,TrailBlazer,Aquamarine,KMHFG4JG0CA871628,2006,PZ52ZDK,Truck,2,90,DAMAGED,29.8,Luton
342,Subaru,Impreza,Yellow,19UUA96299A002463,2012,TN90WTI,Compact,4,40,SERVICEREQ,12.4,Bristol
343,Mercury,Grand Marquis,Yellow,1G6DJ577380781089,1989,RS53NGL,SUV,6,80,SERVICEREQ,7.7,Bristol
344,Isuzu,Ascender,Blue,3VW517AT3FM664090,2005,LY90OYJ,Truck,2,90,RENTED,12.5,Manchester
345,Buick,Rendezvous,Orange,5FRYD3H65GB317560,2003,ZI22QYR,Coupe,4,55,AVAILABLE,30.0,Manchester
346,Chevrolet,Suburban 2500,Aquamarine,5UXFG2C55CL039810,2012,MK59RFA,Sport,2,60,SERVICEREQ,15.1,Manchester
347,Mazda,RX-7,Green,1G6AE1R36F0103377,1985,HM33GMJ,Coupe,4,55,SERVICEREQ,14.9,Luton
348,Volkswagen,Cabriolet,Aquamarine,1G4HJ5EM6BU960682,1987,ID44PHT,Van,3,50,DAMAGED,5.4,Bristol
349,Pontiac,Parisienne,Maroon,2G4WS52J051308011,1984,EH30GEL,Compact,4,40,RENTED,25.5,Manchester
350,Acura,MDX,Aquamarine,SALGR2WF3EA527858,2012,QN35MRO,Family,8,45,AVAILABLE,4.1,Luton
351,Chevrolet,Express 3500,Yellow,1D4RD3GG7BC938260,1996,MQ67NZE,Budget,5,20,SERVICEREQ,7.6,Luton
352,Kia,Rondo,Crimson,1HGCP2E80AA160377,2010,BO80FQD,Coupe,4,55,RENTED,22.7,Bristol
353,Mitsubishi,Truck,Khaki,1FTWX3D55AE855856,1990,IM12EYP,Coupe,4,55,DAMAGED,13.3,Bristol
354,Buick,Riviera,Indigo,1FTSX2A56AE133874,1989,PA67JBH,Coupe,4,55,AVAILABLE,15.8,Manchester
355,Mercury,Tracer,Goldenrod,SCFFBCCD7BG746624,1993,HI52NWV,Coupe,4,55,AVAILABLE,15.4,Manchester
356,Mercury,Sable,Purple,WAUMFAFL2DA369673,1989,GC72EMF,Sport,2,60,SERVICEREQ,22.6,Bristol
357,Audi,A4,Khaki,SCFEFBBC6AG959906,2010,KC17RLL,SUV,6,80,AVAILABLE,10.3,Luton
358,Suzuki,Swift,Fuscia,WAUNF78P86A342052,1991,AD70NAR,Budget,5,20,DAMAGED,28.2,Bristol
359,Ford,E150,Turquoise,WBAVC53527A111765,2003,NN38RUJ,SUV,6,80,SERVICEREQ,11.9,Manchester
360,Lotus,Elise,Orange,2G4WE537451495053,2007,JR44IJL,Budget,5,20,RENTED,17.1,Luton
361,Chevrolet,Suburban 1500,Indigo,3D7LT2ET2AG958045,1997,KT58ERZ,Compact,4,40,RENTED,17.4,Manchester
362,Dodge,Intrepid,Khaki,1G6DF577180730031,1995,SW87BAG,Van,3,50,DAMAGED,27.5,Bristol
363,Nissan,Murano,Khaki,WAUUFAFH9AN787129,2011,DG08JLB,Budget,5,20,SERVICEREQ,13.4,Manchester
364,Acura,CL,Orange,3N1AB6AP6CL691770,1998,KJ74QCQ,Compact,4,40,SERVICEREQ,18.1,Luton
365,Lincoln,Navigator,Fuscia,WBABD53484P787766,2002,TW30EGE,Truck,2,90,AVAILABLE,13.0,Manchester
366,Mercury,Mountaineer,Purple,1G6DX67D180523860,1998,VI92OBB,SUV,6,80,SERVICEREQ,18.1,Luton
367,Ford,Crown Victoria,Purple,1G6DW677X60331332,1997,BB74FDK,Family,8,45,DAMAGED,18.1,Bristol
368,Toyota,Echo,Yellow,WAUSF98E08A460676,2003,CV06AES,SUV,6,80,AVAILABLE,26.4,Bristol
369,Nissan,Maxima,Turquoise,1G6AB5SX3E0517437,2003,KN66JPV,Sport,2,60,SERVICEREQ,14.4,Manchester
370,Isuzu,Oasis,Red,YV140MAM0F1553612,1998,QF53KZK,Family,8,45,AVAILABLE,10.7,Luton
371,Jaguar,XJ Series,Crimson,3G5DA03E82S549857,1993,WN29JSG,Sport,2,60,RENTED,21.7,Bristol
372,Buick,Riviera,Teal,WVGAV7AX8AW295143,1997,HH27ZST,Truck,2,90,AVAILABLE,17.4,Bristol
373,Nissan,Pathfinder,Violet,WBA3C1C52FP845804,1992,MP94KNT,Budget,5,20,RENTED,18.2,Manchester
374,Mitsubishi,Lancer,Puce,5LMJJ3H5XCE440522,2004,AA36CYV,Budget,5,20,SERVICEREQ,10.2,Bristol
375,Ford,F150,Mauv,1VWAP7A36EC224667,2011,NX69VXC,Van,3,50,DAMAGED,22.4,Manchester
376,Mazda,626,Indigo,WP0AA2A94BS053348,1990,JT79TRZ,Sport,2,60,AVAILABLE,11.9,Luton
377,Acura,NSX,Mauv,3VWML7AJ9CM697594,2004,QR49XKW,Compact,4,40,SERVICEREQ,13.8,Luton
378,Chevrolet,Camaro,Green,WBABV13416J630172,1972,BS34GPC,Coupe,4,55,SERVICEREQ,30.0,Bristol
379,Ford,E350,Orange,SCBGR3ZA3CC501634,2005,FZ03YSF,Family,8,45,DAMAGED,7.4,Luton
380,Volvo,850,Turquoise,WBA6B8C51ED461375,1997,HS25NYX,Budget,5,20,AVAILABLE,19.9,Manchester
381,BMW,X3,Pink,WAURD68D61A815737,2008,HI22WGW,Sport,2,60,SERVICEREQ,15.0,Luton
382,Hyundai,XG350,Teal,WAUDH74F67N188941,2005,JE94WXT,SUV,6,80,SERVICEREQ,22.8,Manchester
383,Mitsubishi,Raider,Pink,KM8NU4CC7CU176172,2008,SY27AUQ,Van,3,50,DAMAGED,5.7,Manchester
384,Chevrolet,Corvette,Goldenrod,1HGCR2F34EA596443,1957,HR50MKC,Sport,2,60,SERVICEREQ,11.5,Luton
385,Chevrolet,Metro,Orange,2T1BPRHE3FC939358,2001,VH80CYO,Coupe,4,55,AVAILABLE,21.6,Luton
386,Isuzu,Axiom,Pink,WBAWL73507P119277,2003,JI59LEN,Compact,4,40,AVAILABLE,22.9,Manchester
387,Suzuki,Swift,Crimson,WBAKE5C54BE953098,2001,AD67ZHZ,Van,3,50,DAMAGED,5.6,Manchester
388,Chevrolet,Aveo,Fuscia,1N6AA0EC0FN008581,2010,WJ72RHI,SUV,6,80,RENTED,7.5,Bristol
389,Mercedes-Benz,CL-Class,Aquamarine,WBA3A5G50CN551929,2006,JV71YPX,Family,8,45,AVAILABLE,3.6,Manchester
390,Mercedes-Benz,C-Class,Teal,SCBLE47K69C268823,1997,XF26LJY,Truck,2,90,SERVICEREQ,20.9,Luton
391,Nissan,Altima,Fuscia,KNADH5A35B6440020,2003,NJ18GDA,Truck,2,90,SERVICEREQ,28.4,Manchester
392,Lincoln,Continental Mark VII,Turquoise,WBAYF8C56FD949073,1989,WG83RFW,Truck,2,90,AVAILABLE,17.9,Bristol
393,Porsche,911,Red,4T3BA3BB4EU021121,2011,XU87NQA,Truck,2,90,DAMAGED,18.5,Manchester
394,Hyundai,XG350,Teal,JH4CL95984C120423,2004,RR96BSB,SUV,6,80,DAMAGED,11.4,Luton
395,Chevrolet,2500,Khaki,TRUTX28N121204443,1998,MB17APB,Compact,4,40,SERVICEREQ,18.5,Luton
396,Volkswagen,Jetta,Purple,WDCGG5GB1CF990098,1987,RR64RML,Coupe,4,55,RENTED,25.3,Luton
397,Saturn,VUE,Violet,1HGCR2E72FA584099,2004,YO01TUQ,SUV,6,80,SERVICEREQ,27.6,Luton
398,Saab,900,Blue,5N1AZ2MH3FN807268,1987,TZ15MYH,Sport,2,60,SERVICEREQ,9.7,Luton
399,Pontiac,Torrent,Pink,JN1BV7AP0FM962351,2007,PE61JPB,Sport,2,60,AVAILABLE,23.9,Bristol
400,Buick,Regal,Orange,4A31K3DT5CE129103,1988,FD13EZY,Van,3,50,AVAILABLE,13.0,Bristol
401,Chevrolet,Prizm,Fuscia,WAUXU64B02N274125,2001,BM69FGY,Truck,2,90,DAMAGED,21.3,Bristol
402,Ford,Windstar,Purple,WAUVC58E33A141392,2001,JI49HAX,Family,8,45,SERVICEREQ,22.3,Luton
403,Ford,Ranger,Mauv,JTHBK1EG0C2842570,1995,OO36GGD,Truck,2,90,AVAILABLE,25.1,Bristol
404,Suzuki,SX4,Green,WAUJC68E44A581160,2011,EB38PIF,Coupe,4,55,DAMAGED,23.9,Bristol
405,Nissan,Cube,Purple,WAULV44E67N847532,2010,VM99COC,Coupe,4,55,SERVICEREQ,11.1,Bristol
406,Honda,Ridgeline,Red,3D73Y3CLXBG264036,2007,JZ75LLV,Sport,2,60,AVAILABLE,12.5,Manchester
407,Jaguar,XJ Series,Turquoise,1D7RV1GT4BS937865,2000,PI38ZPB,Sport,2,60,SERVICEREQ,16.4,Bristol
408,Audi,80,Indigo,3C4PDDDG8ET204816,1991,FH93LWK,Compact,4,40,DAMAGED,19.2,Luton
409,Ford,Explorer,Pink,WUARL48H48K212421,1995,DN10FHF,Budget,5,20,RENTED,12.0,Luton
410,Ford,F250,Mauv,3VW507AT8FM119361,2008,GL16XMW,Family,8,45,AVAILABLE,29.3,Luton
411,Infiniti,Q,Turquoise,JN8AZ1FY8DW706105,1997,KH12VTB,SUV,6,80,DAMAGED,27.3,Manchester
412,Infiniti,G35,Purple,WBAEU33415P956965,2006,JT99VZH,Truck,2,90,SERVICEREQ,23.3,Manchester
413,Dodge,Challenger,Purple,1C4NJCBA2DD518037,2012,YQ92WVX,Sport,2,60,AVAILABLE,8.9,Manchester
414,Pontiac,Grand Prix,Violet,1HGCR2F36EA706523,2001,VP98TSI,SUV,6,80,DAMAGED,22.9,Bristol
415,Volkswagen,Type 2,Aquamarine,WAUGL98EX8A017367,1988,SN53CDY,Family,8,45,RENTED,20.6,Manchester
416,Mercedes-Benz,S-Class,Indigo,3C3CFFFH2FT606640,1996,OM72CWX,Budget,5,20,DAMAGED,17.9,Bristol
417,Ford,Explorer,Pink,KNDKG3A28A7579866,2007,TC29QZA,Van,3,50,DAMAGED,17.0,Manchester
418,Honda,Ridgeline,Puce,1N6AF0KX1FN655631,2012,QS97AKD,Truck,2,90,AVAILABLE,25.9,Manchester
419,Dodge,Caravan,Goldenrod,WP0AB2A96FS991144,2003,FH97MBD,SUV,6,80,DAMAGED,15.8,Bristol
420,GMC,Envoy XL,Puce,4T1BD1FK7EU071526,2002,MY80GIU,SUV,6,80,RENTED,22.2,Bristol
421,Dodge,Avenger,Purple,1G4CW54K454746564,2012,TT39LON,Compact,4,40,AVAILABLE,13.4,Luton
422,Volkswagen,Jetta,Fuscia,WAUUL98E48A255041,1997,SP90CYD,Truck,2,90,RENTED,13.9,Manchester
423,Land Rover,Range Rover,Fuscia,2G4WS52J711585877,2006,JA17RXR,Sport,2,60,AVAILABLE,25.2,Luton
424,Honda,Passport,Goldenrod,1GYFC262X9R814312,2002,TP06PSX,Truck,2,90,AVAILABLE,5.0,Luton
425,Kia,Sportage,Purple,1N6AA0CCXCN483055,2002,JT69QKX,Coupe,4,55,SERVICEREQ,9.3,Manchester
426,Hummer,H1,Purple,JN8AZ1MU7CW870072,1996,JH71DPY,Van,3,50,AVAILABLE,11.7,Manchester
427,Porsche,Cayman,Khaki,WBALM7C5XEJ312486,2006,DD70UDL,Truck,2,90,AVAILABLE,16.8,Bristol
428,Mitsubishi,Eclipse,Crimson,1N6AD0CU7CN282973,2007,NY11YSS,Coupe,4,55,SERVICEREQ,23.5,Luton
429,Mercedes-Benz,W126,Crimson,3D7TT2HT4AG563926,1981,RQ26AGT,SUV,6,80,RENTED,18.9,Bristol
430,Ford,F250,Yellow,1G6AZ5S31E0653378,2012,OL29YEP,Family,8,45,RENTED,11.1,Bristol
431,Ford,Taurus,Purple,1C4AJWAGXDL951603,1986,UJ74UIT,Budget,5,20,RENTED,8.9,Bristol
432,Aston Martin,DB9 Volante,Violet,WAUJC58E32A463379,2006,KG49EQJ,Van,3,50,AVAILABLE,23.7,Manchester
433,Lexus,GS,Turquoise,WAUHFBFL6AN413895,2008,CL56ULJ,Van,3,50,SERVICEREQ,24.4,Manchester
434,Mercedes-Benz,SLK-Class,Puce,1D4RE4GG3BC571389,2003,EA01MEZ,Sport,2,60,AVAILABLE,19.3,Luton
435,Chevrolet,Equinox,Maroon,SCFBF03BX7G430397,2009,YO49DUQ,Budget,5,20,DAMAGED,5.9,Luton
436,Hyundai,Scoupe,Violet,SAJWA4HA2EM717884,1993,HD13BGE,SUV,6,80,SERVICEREQ,14.5,Manchester
437,Ford,F450,Blue,JTDKN3DP7F3602971,2012,VD95YHT,SUV,6,80,SERVICEREQ,27.6,Bristol
438,Chevrolet,2500,Orange,3GYFNAEY1BS025088,1997,CC51MXW,Compact,4,40,DAMAGED,5.4,Manchester
439,Ford,Escape,Red,1G6DW67V690188365,2007,MZ48DBD,Coupe,4,55,RENTED,25.6,Manchester
440,Dodge,Magnum,Orange,WBAVC73578K265735,2007,JS00UNX,Family,8,45,RENTED,11.3,Bristol
441,Isuzu,Ascender,Violet,1FTEW1E85AK471928,2005,PC36BTL,Truck,2,90,RENTED,7.4,Manchester
442,Nissan,Pathfinder,Red,WAUDH98E97A330428,2003,ZZ25FHF,Coupe,4,55,RENTED,28.6,Bristol
443,Jaguar,XJ Series,Aquamarine,3VW517AT3FM428474,1995,YH78ZMF,SUV,6,80,RENTED,26.5,Manchester
444,Pontiac,Grand Prix,Puce,WBA5A7C56FD169294,2004,EQ45DEA,Family,8,45,RENTED,18.5,Manchester
445,Ford,Expedition EL,Blue,1G6AM5S37F0049091,2011,LV89RMZ,Compact,4,40,SERVICEREQ,17.7,Manchester
446,Chrysler,Concorde,Violet,3D7LT2ET9AG762118,1995,MF57YLB,Sport,2,60,DAMAGED,29.4,Bristol
447,Toyota,Celica,Blue,JN8AF5MV7FT401885,1976,UQ54IEN,Sport,2,60,SERVICEREQ,25.2,Bristol
448,Chevrolet,3500,Green,WAUUFAFH1DN882787,1998,QW97POF,SUV,6,80,RENTED,20.4,Luton
449,Dodge,Viper,Aquamarine,1G6DK1E31D0299074,1995,NF80DFQ,Coupe,4,55,AVAILABLE,12.7,Luton
450,Pontiac,Firebird,Aquamarine,JN8AZ2KR5BT671252,1968,XF22MDH,Compact,4,40,SERVICEREQ,5.8,Manchester
451,Hyundai,Elantra,Orange,1G6AW5SX9E0082203,2011,SK43IKJ,Truck,2,90,RENTED,9.5,Luton
452,Audi,A6,Indigo,5J6TF1H31AL587948,1995,XD98BDR,Family,8,45,AVAILABLE,29.0,Bristol
453,Cadillac,CTS-V,Indigo,WBAVM1C51FV305538,2010,SH80NHE,Sport,2,60,RENTED,5.7,Luton
454,Bentley,Continental GT,Yellow,JH4CL96855C733624,2010,RS86HRG,Budget,5,20,RENTED,18.8,Luton
455,Infiniti,J,Fuscia,3N6CM0KN1DK056261,1993,YE63QMD,SUV,6,80,SERVICEREQ,29.2,Bristol
456,Nissan,Altima,Maroon,WAUSF78E47A065421,2013,DQ57UGW,Truck,2,90,DAMAGED,9.5,Manchester
457,Lamborghini,Countach,Crimson,WBABW334X4P079128,1986,JU97TPN,Van,3,50,RENTED,3.2,Manchester
458,Dodge,Dakota,Green,KMHCT4AE0CU161561,2002,CV76WHM,Budget,5,20,RENTED,20.8,Manchester
459,Chrysler,LeBaron,Green,5FNRL5H25BB983585,1993,XI57QZL,Van,3,50,SERVICEREQ,6.7,Luton
460,Porsche,Panamera,Turquoise,1N6AA0CC3CN823419,2013,WE67YTQ,Budget,5,20,DAMAGED,4.1,Bristol
461,BMW,6 Series,Khaki,SCBBP9ZA5AC576349,2009,OI27UEJ,Van,3,50,AVAILABLE,23.4,Luton
462,Volkswagen,Rabbit,Blue,3GYFNFE37FS035843,2009,PS82NQY,Van,3,50,SERVICEREQ,10.4,Luton
463,Mitsubishi,Tredia,Turquoise,5GAKRCED6BJ390726,1985,JO47WPC,Van,3,50,RENTED,21.0,Bristol
464,Infiniti,QX,Goldenrod,1N6AA0CC6BN389852,2010,DN93MPU,Van,3,50,RENTED,24.4,Manchester
465,Isuzu,Amigo,Yellow,2T1KE4EEXCC685401,1994,QC85AVU,Budget,5,20,DAMAGED,28.9,Bristol
466,Mitsubishi,L300,Red,2C3CCAPG4DH393116,1989,WX01BWL,SUV,6,80,AVAILABLE,18.4,Luton
467,Nissan,Frontier,Fuscia,1G6AJ5S35F0536590,2002,LD59POA,Sport,2,60,AVAILABLE,12.7,Manchester
468,Isuzu,i-290,Purple,4T3BA3BB3CU189474,2007,NH39DFC,Family,8,45,DAMAGED,20.3,Manchester
469,Ford,Mustang,Fuscia,3D7JB1EP8BG755296,2003,LX94KMJ,Van,3,50,SERVICEREQ,23.6,Manchester
470,Mercedes-Benz,M-Class,Indigo,5N1AT2MK7FC400238,2004,VH20MIG,Sport,2,60,SERVICEREQ,6.7,Manchester
471,Mazda,CX-7,Violet,3C6TD5KT9CG689369,2008,DZ18XIS,Family,8,45,AVAILABLE,5.1,Manchester
472,Pontiac,Bonneville,Indigo,2T3BFREV7FW360631,1986,QJ98SXB,Coupe,4,55,DAMAGED,25.4,Bristol
473,Buick,Regal,Mauv,SCBDC47L79C614638,1993,WM39LPJ,Van,3,50,RENTED,28.4,Manchester
474,Volkswagen,GTI,Blue,JN8AE2KPXF9448931,2003,NN03MWY,SUV,6,80,AVAILABLE,14.5,Luton
475,Mazda,Millenia,Teal,WAU2GAFCXFN405299,1997,UC42WSH,Compact,4,40,SERVICEREQ,11.8,Manchester
476,Nissan,Altima,Purple,WVGEF9BP7DD908748,1993,GH30OAL,Coupe,4,55,RENTED,29.9,Bristol
477,Mazda,RX-7,Orange,1G6DV8EP7C0176834,1994,QE14TZQ,Sport,2,60,DAMAGED,5.3,Luton
478,Subaru,Forester,Turquoise,1G6AW5SX7F0073596,1998,ZJ53MRH,Coupe,4,55,DAMAGED,23.0,Manchester
479,Hummer,H2,Maroon,WAUVT58E53A737975,2008,FD70KOB,SUV,6,80,AVAILABLE,23.2,Luton
480,BMW,530,Aquamarine,1GYS3GKJ5FR379378,2003,OR98FBA,Coupe,4,55,SERVICEREQ,5.9,Luton
481,Land Rover,Freelander,Orange,3GYT4NEF3CG447699,2010,RX85IUE,Truck,2,90,AVAILABLE,20.8,Manchester
482,Ford,LTD,Orange,1GYS4JEFXBR461053,1986,QK63XTX,Budget,5,20,SERVICEREQ,14.6,Bristol
483,Infiniti,FX,Orange,WBAKN9C51FD162661,2010,FS13ILC,Family,8,45,AVAILABLE,20.0,Manchester
484,Geo,Prizm,Puce,WVWAA7AJ4CW503145,1994,XL41BLZ,Coupe,4,55,AVAILABLE,28.7,Luton
485,BMW,X3,Crimson,JN8AF5MR6DT540275,2007,DB83WEP,SUV,6,80,SERVICEREQ,8.3,Bristol
486,GMC,Vandura 3500,Puce,1D7RW2GK3AS599948,1993,FK83PUU,Budget,5,20,DAMAGED,7.8,Manchester
487,Chevrolet,Equinox,Aquamarine,3GYFK22219G707576,2008,UU75YTC,Coupe,4,55,RENTED,23.8,Manchester
488,BMW,3 Series,Pink,3N1CN7AP9EK171514,2008,ME85OZB,Sport,2,60,AVAILABLE,22.8,Bristol
489,Suzuki,Kizashi,Green,1G4GC5ERXDF277621,2010,RQ25VDQ,Sport,2,60,RENTED,17.5,Manchester
490,Infiniti,G37,Orange,WBA3A5C59EF568117,2012,TM10PXG,Family,8,45,RENTED,18.3,Bristol
491,Volvo,960,Indigo,5GAKVBKD7DJ879312,1994,NQ85FQW,SUV,6,80,RENTED,28.5,Manchester
492,Dodge,Stratus,Goldenrod,1J4PN2GK9BW140786,2005,JB67POZ,Budget,5,20,AVAILABLE,22.0,Manchester
493,Spyker,C8,Red,1FTSW2A5XAE006306,2005,PN88HGT,Van,3,50,DAMAGED,23.2,Manchester
494,Ford,F-Series,Green,JH4DC44661S884478,1993,AE53GHN,Truck,2,90,SERVICEREQ,16.8,Manchester
495,Volvo,S80,Indigo,WBANU53599B823278,2008,UJ76NMZ,Truck,2,90,SERVICEREQ,22.5,Bristol
496,Subaru,XT,Teal,1N6AA0CC9EN137713,1986,WU66DMG,SUV,6,80,RENTED,8.9,Manchester
497,Mazda,929,Green,WBABN53493P690250,1991,JH66FPJ,Budget,5,20,RENTED,28.9,Luton
498,Maybach,62,Orange,WBAYP9C53DD521655,2009,AE53LFB,Sport,2,60,SERVICEREQ,17.6,Manchester
499,Ford,Focus,Blue,1N6AA0CH1DN919255,2010,CT86UXN,Family,8,45,AVAILABLE,8.4,Luton
500,Chevrolet,Corvette,Khaki,TRUTC28NX21671971,1957,IE41LJB,Family,8,45,SERVICEREQ,18.0,Luton
